{"stats":{"minecraft:used":{"minecraft:dirt":1},"minecraft:mined":{"minecraft:podzol":1},"minecraft:custom":{"minecraft:jump":27,"minecraft:time_since_rest":2995,"minecraft:crouch_one_cm":180,"minecraft:leave_game":3,"minecraft:play_time":2995,"minecraft:sprint_one_cm":930,"minecraft:time_since_death":2995,"minecraft:walk_one_cm":2416,"minecraft:sneak_time":45,"minecraft:total_world_time":2995,"minecraft:fall_one_cm":209,"minecraft:fly_one_cm":533},"minecraft:picked_up":{"minecraft:dirt":1}},"DataVersion":3120}