{"stats":{"minecraft:used":{"minecraft:dirt":1,"minecraft:spruce_sapling":2},"minecraft:picked_up":{"minecraft:stick":2,"minecraft:wheat_seeds":1,"minecraft:spruce_sapling":3,"minecraft:dirt":1},"minecraft:dropped":{"minecraft:wheat_seeds":1,"minecraft:stick":2,"minecraft:spruce_sapling":1},"minecraft:mined":{"minecraft:podzol":1,"minecraft:spruce_leaves":8,"minecraft:fern":2},"minecraft:custom":{"minecraft:time_since_rest":3186,"minecraft:crouch_one_cm":114,"minecraft:sprint_one_cm":2834,"minecraft:play_time":3186,"minecraft:damage_taken":120,"minecraft:walk_one_cm":7931,"minecraft:sneak_time":14,"minecraft:mob_kills":1,"minecraft:drop":4,"minecraft:jump":72,"minecraft:damage_dealt":64,"minecraft:leave_game":2,"minecraft:time_since_death":3186,"minecraft:total_world_time":3186,"minecraft:fall_one_cm":2649,"minecraft:fly_one_cm":5762}},"DataVersion":3120}