{"stats":{"minecraft:dropped":{"minecraft:wheat_seeds":1},"minecraft:custom":{"minecraft:jump":23,"minecraft:time_since_rest":1699,"minecraft:damage_dealt":64,"minecraft:crouch_one_cm":114,"minecraft:leave_game":1,"minecraft:sprint_one_cm":498,"minecraft:play_time":1699,"minecraft:damage_taken":110,"minecraft:time_since_death":1699,"minecraft:walk_one_cm":4281,"minecraft:sneak_time":14,"minecraft:total_world_time":1699,"minecraft:mob_kills":1,"minecraft:drop":1,"minecraft:fall_one_cm":267,"minecraft:fly_one_cm":1726},"minecraft:picked_up":{"minecraft:wheat_seeds":1},"minecraft:mined":{"minecraft:fern":2}},"DataVersion":3120}